{
    "IsEncrypted": false,
    "Host": {
        "CORS": "*"
    },
    "Values": {
        "AzureWebJobsStorage": "UseDevelopmentStorage=true",
        "FUNCTIONS_WORKER_RUNTIME": "dotnet-isolated",
        "SiteUrl": "https://t2t22.sharepoint.com",
        "TenantName" : "t2t22",
        "TenantId": "a60e6ee6-398e-4aa1-aaae-437b29e31836",
        "ClientId": "2798e9ac-a78d-4328-a616-b7f183b72703",
        "CertificateThumbPrint": "D777A2785D84A3D47A9C69F3380FEA5EC26FD9AD",
        "CertificateStoreName": "My",
        "CertificateStoreLocation": "CurrentUser",
        "WEBSITE_LOAD_CERTIFICATES": "D777A2785D84A3D47A9C69F3380FEA5EC26FD9AD",
        "DefaultOwner": "foldager@t2t22.onmicrosoft.com"
    }
}